HumanEval_0_has_close_elements,2,198,0
HumanEval_100_make_a_pile,0,200,0
HumanEval_101_words_string,0,200,0
HumanEval_102_choose_num,0,200,0
HumanEval_103_rounded_avg,0,200,0
HumanEval_104_unique_digits,0,200,0
HumanEval_105_by_length,0,200,0
HumanEval_106_f,0,200,0
HumanEval_107_even_odd_palindrome,0,200,0
HumanEval_108_count_nums,0,200,0
HumanEval_109_move_one_ball,0,200,0
HumanEval_10_make_palindrome,0,200,0
HumanEval_110_exchange,0,200,0
HumanEval_111_histogram,0,200,0
HumanEval_112_reverse_delete,0,200,0
HumanEval_113_odd_count,0,200,0
HumanEval_114_minSubArraySum,0,200,0
HumanEval_115_max_fill,0,200,0
HumanEval_116_sort_array,0,200,0
HumanEval_117_select_words,0,200,0
HumanEval_118_get_closest_vowel,0,200,0
HumanEval_119_match_parens,0,200,0
HumanEval_11_string_xor,0,200,0
HumanEval_120_maximum,0,200,0
HumanEval_121_solution,0,200,0
HumanEval_122_add_elements,0,200,0
HumanEval_123_get_odd_collatz,0,200,0
HumanEval_124_valid_date,0,200,0
HumanEval_125_split_words,0,200,0
HumanEval_126_is_sorted,0,200,0
HumanEval_127_intersection,0,200,0
HumanEval_128_prod_signs,0,200,0
HumanEval_129_minPath,0,200,0
HumanEval_12_longest,6,194,0
HumanEval_130_tri,0,200,0
HumanEval_131_digits,0,200,0
HumanEval_132_is_nested,0,200,0
HumanEval_133_sum_squares,0,200,0
HumanEval_134_check_if_last_char_is_a_letter,0,200,0
HumanEval_135_can_arrange,0,200,0
HumanEval_136_largest_smallest_integers,0,200,0
HumanEval_138_is_equal_to_sum_even,0,200,0
HumanEval_139_special_factorial,0,200,0
HumanEval_13_greatest_common_divisor,2,198,0
HumanEval_140_fix_spaces,0,200,0
HumanEval_141_file_name_check,0,200,0
HumanEval_142_sum_squares,0,200,0
HumanEval_143_words_in_sentence,0,200,0
HumanEval_144_simplify,0,200,0
HumanEval_145_order_by_points,0,200,0
HumanEval_146_specialFilter,0,200,0
HumanEval_147_get_max_triples,0,200,0
HumanEval_149_sorted_list_sum,0,200,0
HumanEval_14_all_prefixes,0,200,0
HumanEval_150_x_or_y,0,200,0
HumanEval_151_double_the_difference,0,200,0
HumanEval_152_compare,3,197,0
HumanEval_153_Strongest_Extension,0,200,0
HumanEval_154_cycpattern_check,0,200,0
HumanEval_155_even_odd_count,0,200,0
HumanEval_156_int_to_mini_roman,0,200,0
HumanEval_157_right_angle_triangle,0,200,0
HumanEval_158_find_max,0,200,0
HumanEval_159_eat,0,200,0
HumanEval_15_string_sequence,0,200,0
HumanEval_161_solve,0,200,0
HumanEval_162_string_to_md5,0,200,0
HumanEval_163_generate_integers,0,200,0
HumanEval_16_count_distinct_characters,0,200,0
HumanEval_17_parse_music,0,200,0
HumanEval_18_how_many_times,0,200,0
HumanEval_19_sort_numbers,0,200,0
HumanEval_1_separate_paren_groups,0,200,0
HumanEval_20_find_closest_elements,0,200,0
HumanEval_21_rescale_to_unit,146,54,0
HumanEval_22_filter_integers,5,195,0
HumanEval_23_strlen,15,185,0
HumanEval_24_largest_divisor,0,200,0
HumanEval_25_factorize,0,200,0
HumanEval_26_remove_duplicates,0,200,0
HumanEval_27_flip_case,0,200,0
HumanEval_28_concatenate,25,175,0
HumanEval_29_filter_by_prefix,27,173,0
HumanEval_2_truncate_number,11,189,0
HumanEval_30_get_positive,135,65,0
HumanEval_31_is_prime,0,200,0
HumanEval_33_sort_third,0,200,0
HumanEval_34_unique,0,200,0
HumanEval_35_max_element,53,147,0
HumanEval_36_fizz_buzz,0,200,0
HumanEval_37_sort_even,0,200,0
HumanEval_39_prime_fib,0,200,0
HumanEval_3_below_zero,0,200,0
HumanEval_40_triples_sum_to_zero,0,200,0
HumanEval_42_incr_list,0,200,0
HumanEval_43_pairs_sum_to_zero,0,200,0
HumanEval_44_change_base,0,200,0
HumanEval_45_triangle_area,1,199,0
HumanEval_46_fib4,0,200,0
HumanEval_47_median,0,200,0
HumanEval_48_is_palindrome,12,188,0
HumanEval_49_modp,0,200,0
HumanEval_4_mean_absolute_deviation,0,200,0
HumanEval_51_remove_vowels,0,200,0
HumanEval_52_below_threshold,12,188,0
HumanEval_53_add,98,102,0
HumanEval_54_same_chars,0,200,0
HumanEval_55_fib,0,200,0
HumanEval_56_correct_bracketing,0,200,0
HumanEval_57_monotonic,0,200,0
HumanEval_58_common,0,200,0
HumanEval_59_largest_prime_factor,0,200,0
HumanEval_5_intersperse,0,200,0
HumanEval_60_sum_to_n,0,200,0
HumanEval_61_correct_bracketing,0,200,0
HumanEval_62_derivative,0,200,0
HumanEval_63_fibfib,0,200,0
HumanEval_64_vowels_count,0,200,0
HumanEval_65_circular_shift,0,200,0
HumanEval_66_digitSum,0,200,0
HumanEval_67_fruit_distribution,0,200,0
HumanEval_68_pluck,0,200,0
HumanEval_69_search,0,200,0
HumanEval_6_parse_nested_parens,0,200,0
HumanEval_70_strange_sort_list,0,200,0
HumanEval_71_triangle_area,0,200,0
HumanEval_72_will_it_fly,0,200,0
HumanEval_73_smallest_change,0,200,0
HumanEval_74_total_match,0,200,0
HumanEval_75_is_multiply_prime,0,200,0
HumanEval_76_is_simple_power,0,200,0
HumanEval_77_iscube,0,200,0
HumanEval_78_hex_key,0,200,0
HumanEval_79_decimal_to_binary,0,200,0
HumanEval_7_filter_by_substring,35,165,0
HumanEval_80_is_happy,0,200,0
HumanEval_81_numerical_letter_grade,0,200,0
HumanEval_82_prime_length,0,200,0
HumanEval_84_solve,0,200,0
HumanEval_85_add,0,200,0
HumanEval_86_anti_shuffle,0,200,0
HumanEval_87_get_row,0,200,0
HumanEval_88_sort_array,0,200,0
HumanEval_89_encrypt,0,200,0
HumanEval_8_sum_product,7,193,0
HumanEval_90_next_smallest,0,200,0
HumanEval_91_is_bored,0,200,0
HumanEval_92_any_int,0,200,0
HumanEval_93_encode,0,200,0
HumanEval_94_skjkasdkd,0,200,0
HumanEval_95_check_dict_case,0,200,0
HumanEval_96_count_up_to,0,200,0
HumanEval_97_multiply,0,200,0
HumanEval_98_count_upper,0,200,0
HumanEval_99_closest_integer,0,200,0
HumanEval_9_rolling_max,0,200,0
